experiment_id,language,nodes_data,total_cpu,total_memory,timestamp
1,go,"Empty DataFrame
Columns: [timestamp, node_name, cpu_percentage, memory_percentage, experiment_id, language, rps, type]
Index: []","Series([], Name: cpu_percentage, dtype: float64)","Series([], Name: memory_percentage, dtype: float64)","Series([], Name: timestamp, dtype: datetime64[ns, UTC])"
2,go,"                           timestamp                  node_name  cpu_percentage  memory_percentage  experiment_id language    rps     type
3   2025-02-09 10:12:53.844000+00:00  nodes-europe-west1-b-6p49         0.36875           0.071280              2       go  10000  knative
4   2025-02-09 10:12:53.846000+00:00  nodes-europe-west1-b-fhmc         0.35275           0.069521              2       go  10000  knative
10  2025-02-09 10:13:17.706000+00:00  nodes-europe-west1-b-6p49         0.60675           0.089467              2       go  10000  knative
11  2025-02-09 10:13:17.708000+00:00  nodes-europe-west1-b-fhmc         0.56925           0.085407              2       go  10000  knative
17  2025-02-09 10:13:59.236000+00:00  nodes-europe-west1-b-6p49         0.21000           0.098694              2       go  10000  knative
18  2025-02-09 10:13:59.239000+00:00  nodes-europe-west1-b-fhmc         0.43500           0.083752              2       go  10000  knative
24  2025-02-09 10:14:15.025000+00:00  nodes-europe-west1-b-6p49         0.17150           0.097774              2       go  10000  knative
25  2025-02-09 10:14:15.027000+00:00  nodes-europe-west1-b-fhmc         0.46225           0.083028              2       go  10000  knative
31  2025-02-09 10:14:19.605000+00:00  nodes-europe-west1-b-6p49         0.18375           0.097254              2       go  10000  knative
32  2025-02-09 10:14:19.607000+00:00  nodes-europe-west1-b-fhmc         0.46625           0.081888              2       go  10000  knative
38  2025-02-09 10:14:51.116000+00:00  nodes-europe-west1-b-6p49         0.37975           0.097485              2       go  10000  knative
39  2025-02-09 10:14:51.118000+00:00  nodes-europe-west1-b-fhmc         0.65325           0.083580              2       go  10000  knative
45  2025-02-09 10:15:18.712000+00:00  nodes-europe-west1-b-6p49         0.33075           0.097624              2       go  10000  knative
46  2025-02-09 10:15:18.714000+00:00  nodes-europe-west1-b-fhmc         0.68400           0.083487              2       go  10000  knative
52  2025-02-09 10:15:45.985000+00:00  nodes-europe-west1-b-6p49         0.34500           0.097366              2       go  10000  knative
53  2025-02-09 10:15:45.988000+00:00  nodes-europe-west1-b-fhmc         0.66775           0.081698              2       go  10000  knative
59  2025-02-09 10:16:11.489000+00:00  nodes-europe-west1-b-6p49         0.35475           0.097594              2       go  10000  knative
60  2025-02-09 10:16:11.491000+00:00  nodes-europe-west1-b-fhmc         0.67800           0.081333              2       go  10000  knative
66  2025-02-09 10:16:39.086000+00:00  nodes-europe-west1-b-6p49         0.46675           0.097781              2       go  10000  knative
67  2025-02-09 10:16:39.088000+00:00  nodes-europe-west1-b-fhmc         0.56400           0.082631              2       go  10000  knative
73  2025-02-09 10:17:06.328000+00:00  nodes-europe-west1-b-6p49         0.47900           0.073218              2       go  10000  knative
74  2025-02-09 10:17:06.330000+00:00  nodes-europe-west1-b-fhmc         0.52775           0.082198              2       go  10000  knative
80  2025-02-09 10:17:31.848000+00:00  nodes-europe-west1-b-6p49         0.47725           0.071143              2       go  10000  knative
81  2025-02-09 10:17:31.850000+00:00  nodes-europe-west1-b-fhmc         0.54050           0.081280              2       go  10000  knative
87  2025-02-09 10:17:57.356000+00:00  nodes-europe-west1-b-6p49         0.46325           0.071443              2       go  10000  knative
88  2025-02-09 10:17:57.358000+00:00  nodes-europe-west1-b-fhmc         0.55750           0.081427              2       go  10000  knative
94  2025-02-09 10:18:24.114000+00:00  nodes-europe-west1-b-6p49         0.47100           0.071049              2       go  10000  knative
95  2025-02-09 10:18:24.116000+00:00  nodes-europe-west1-b-fhmc         0.55400           0.080459              2       go  10000  knative
101 2025-02-09 10:18:51.713000+00:00  nodes-europe-west1-b-6p49         0.48700           0.072906              2       go  10000  knative
102 2025-02-09 10:18:51.716000+00:00  nodes-europe-west1-b-fhmc         0.54125           0.082220              2       go  10000  knative
108 2025-02-09 10:19:18.375000+00:00  nodes-europe-west1-b-6p49         0.47050           0.072961              2       go  10000  knative
109 2025-02-09 10:19:18.378000+00:00  nodes-europe-west1-b-fhmc         0.54850           0.082315              2       go  10000  knative
115 2025-02-09 10:19:45.166000+00:00  nodes-europe-west1-b-6p49         0.48125           0.069238              2       go  10000  knative
116 2025-02-09 10:19:45.168000+00:00  nodes-europe-west1-b-fhmc         0.54650           0.077950              2       go  10000  knative
122 2025-02-09 10:20:11.422000+00:00  nodes-europe-west1-b-6p49         0.42350           0.071586              2       go  10000  knative
123 2025-02-09 10:20:11.424000+00:00  nodes-europe-west1-b-fhmc         0.57900           0.083422              2       go  10000  knative
129 2025-02-09 10:20:37.657000+00:00  nodes-europe-west1-b-6p49         0.47000           0.071916              2       go  10000  knative
130 2025-02-09 10:20:37.660000+00:00  nodes-europe-west1-b-fhmc         0.58975           0.083437              2       go  10000  knative
136 2025-02-09 10:21:02.364000+00:00  nodes-europe-west1-b-6p49         0.42275           0.071640              2       go  10000  knative
137 2025-02-09 10:21:02.366000+00:00  nodes-europe-west1-b-fhmc         0.58875           0.083171              2       go  10000  knative
143 2025-02-09 10:21:28.742000+00:00  nodes-europe-west1-b-6p49         0.45900           0.071371              2       go  10000  knative
144 2025-02-09 10:21:28.744000+00:00  nodes-europe-west1-b-fhmc         0.56725           0.082445              2       go  10000  knative
150 2025-02-09 10:21:55.541000+00:00  nodes-europe-west1-b-6p49         0.38425           0.071274              2       go  10000  knative
151 2025-02-09 10:21:55.543000+00:00  nodes-europe-west1-b-fhmc         0.59775           0.081931              2       go  10000  knative","0     0.36875
1     0.35275
2     0.60675
3     0.56925
4     0.21000
5     0.43500
6     0.17150
7     0.46225
8     0.18375
9     0.46625
10    0.37975
11    0.65325
12    0.33075
13    0.68400
14    0.34500
15    0.66775
16    0.35475
17    0.67800
18    0.46675
19    0.56400
20    0.47900
21    0.52775
22    0.47725
23    0.54050
24    0.46325
25    0.55750
26    0.47100
27    0.55400
28    0.48700
29    0.54125
30    0.47050
31    0.54850
32    0.48125
33    0.54650
34    0.42350
35    0.57900
36    0.47000
37    0.58975
38    0.42275
39    0.58875
40    0.45900
41    0.56725
42    0.38425
43    0.59775
Name: cpu_percentage, dtype: float64","0     0.071280
1     0.069521
2     0.089467
3     0.085407
4     0.098694
5     0.083752
6     0.097774
7     0.083028
8     0.097254
9     0.081888
10    0.097485
11    0.083580
12    0.097624
13    0.083487
14    0.097366
15    0.081698
16    0.097594
17    0.081333
18    0.097781
19    0.082631
20    0.073218
21    0.082198
22    0.071143
23    0.081280
24    0.071443
25    0.081427
26    0.071049
27    0.080459
28    0.072906
29    0.082220
30    0.072961
31    0.082315
32    0.069238
33    0.077950
34    0.071586
35    0.083422
36    0.071916
37    0.083437
38    0.071640
39    0.083171
40    0.071371
41    0.082445
42    0.071274
43    0.081931
Name: memory_percentage, dtype: float64","0    2025-02-09 10:12:53.844000+00:00
1    2025-02-09 10:12:53.846000+00:00
2    2025-02-09 10:13:17.706000+00:00
3    2025-02-09 10:13:17.708000+00:00
4    2025-02-09 10:13:59.236000+00:00
5    2025-02-09 10:13:59.239000+00:00
6    2025-02-09 10:14:15.025000+00:00
7    2025-02-09 10:14:15.027000+00:00
8    2025-02-09 10:14:19.605000+00:00
9    2025-02-09 10:14:19.607000+00:00
10   2025-02-09 10:14:51.116000+00:00
11   2025-02-09 10:14:51.118000+00:00
12   2025-02-09 10:15:18.712000+00:00
13   2025-02-09 10:15:18.714000+00:00
14   2025-02-09 10:15:45.985000+00:00
15   2025-02-09 10:15:45.988000+00:00
16   2025-02-09 10:16:11.489000+00:00
17   2025-02-09 10:16:11.491000+00:00
18   2025-02-09 10:16:39.086000+00:00
19   2025-02-09 10:16:39.088000+00:00
20   2025-02-09 10:17:06.328000+00:00
21   2025-02-09 10:17:06.330000+00:00
22   2025-02-09 10:17:31.848000+00:00
23   2025-02-09 10:17:31.850000+00:00
24   2025-02-09 10:17:57.356000+00:00
25   2025-02-09 10:17:57.358000+00:00
26   2025-02-09 10:18:24.114000+00:00
27   2025-02-09 10:18:24.116000+00:00
28   2025-02-09 10:18:51.713000+00:00
29   2025-02-09 10:18:51.716000+00:00
30   2025-02-09 10:19:18.375000+00:00
31   2025-02-09 10:19:18.378000+00:00
32   2025-02-09 10:19:45.166000+00:00
33   2025-02-09 10:19:45.168000+00:00
34   2025-02-09 10:20:11.422000+00:00
35   2025-02-09 10:20:11.424000+00:00
36   2025-02-09 10:20:37.657000+00:00
37   2025-02-09 10:20:37.660000+00:00
38   2025-02-09 10:21:02.364000+00:00
39   2025-02-09 10:21:02.366000+00:00
40   2025-02-09 10:21:28.742000+00:00
41   2025-02-09 10:21:28.744000+00:00
42   2025-02-09 10:21:55.541000+00:00
43   2025-02-09 10:21:55.543000+00:00
Name: timestamp, dtype: datetime64[ns, UTC]"
3,python,"Empty DataFrame
Columns: [timestamp, node_name, cpu_percentage, memory_percentage, experiment_id, language, rps, type]
Index: []","Series([], Name: cpu_percentage, dtype: float64)","Series([], Name: memory_percentage, dtype: float64)","Series([], Name: timestamp, dtype: datetime64[ns, UTC])"
4,quarkus,"Empty DataFrame
Columns: [timestamp, node_name, cpu_percentage, memory_percentage, experiment_id, language, rps, type]
Index: []","Series([], Name: cpu_percentage, dtype: float64)","Series([], Name: memory_percentage, dtype: float64)","Series([], Name: timestamp, dtype: datetime64[ns, UTC])"
5,rust,"                           timestamp                  node_name  cpu_percentage  memory_percentage  experiment_id language    rps     type
206 2025-02-09 10:25:21.892000+00:00  nodes-europe-west1-b-6p49         0.04400           0.068443              5     rust  10000  knative
207 2025-02-09 10:25:21.894000+00:00  nodes-europe-west1-b-fhmc         0.02775           0.076684              5     rust  10000  knative
213 2025-02-09 10:25:48.289000+00:00  nodes-europe-west1-b-6p49         0.19750           0.072343              5     rust  10000  knative
214 2025-02-09 10:25:48.291000+00:00  nodes-europe-west1-b-fhmc         0.38450           0.078368              5     rust  10000  knative
220 2025-02-09 10:26:16.289000+00:00  nodes-europe-west1-b-6p49         0.22525           0.072616              5     rust  10000  knative
221 2025-02-09 10:26:16.291000+00:00  nodes-europe-west1-b-fhmc         0.38600           0.078462              5     rust  10000  knative
227 2025-02-09 10:26:43.239000+00:00  nodes-europe-west1-b-6p49         0.52675           0.076140              5     rust  10000  knative
228 2025-02-09 10:26:43.241000+00:00  nodes-europe-west1-b-fhmc         0.53725           0.079196              5     rust  10000  knative
234 2025-02-09 10:27:09.208000+00:00  nodes-europe-west1-b-6p49         0.60400           0.075297              5     rust  10000  knative
235 2025-02-09 10:27:09.212000+00:00  nodes-europe-west1-b-fhmc         0.54975           0.078391              5     rust  10000  knative
241 2025-02-09 10:27:34.115000+00:00  nodes-europe-west1-b-6p49         0.59750           0.075470              5     rust  10000  knative
242 2025-02-09 10:27:34.118000+00:00  nodes-europe-west1-b-fhmc         0.57150           0.078116              5     rust  10000  knative
248 2025-02-09 10:28:00.060000+00:00  nodes-europe-west1-b-6p49         0.62900           0.075405              5     rust  10000  knative
249 2025-02-09 10:28:00.062000+00:00  nodes-europe-west1-b-fhmc         0.53100           0.078236              5     rust  10000  knative
255 2025-02-09 10:28:26.864000+00:00  nodes-europe-west1-b-6p49         0.61450           0.075497              5     rust  10000  knative
256 2025-02-09 10:28:26.867000+00:00  nodes-europe-west1-b-fhmc         0.53175           0.078119              5     rust  10000  knative
262 2025-02-09 10:28:51.748000+00:00  nodes-europe-west1-b-6p49         0.65550           0.079612              5     rust  10000  knative
263 2025-02-09 10:28:51.751000+00:00  nodes-europe-west1-b-fhmc         0.52975           0.081791              5     rust  10000  knative
269 2025-02-09 10:29:18.119000+00:00  nodes-europe-west1-b-6p49         0.72850           0.079138              5     rust  10000  knative
270 2025-02-09 10:29:18.121000+00:00  nodes-europe-west1-b-fhmc         0.46400           0.078747              5     rust  10000  knative
276 2025-02-09 10:29:43.874000+00:00  nodes-europe-west1-b-6p49         0.65800           0.078977              5     rust  10000  knative
277 2025-02-09 10:29:43.877000+00:00  nodes-europe-west1-b-fhmc         0.50800           0.078573              5     rust  10000  knative
283 2025-02-09 10:30:09.814000+00:00  nodes-europe-west1-b-6p49         0.57250           0.083844              5     rust  10000  knative
284 2025-02-09 10:30:09.817000+00:00  nodes-europe-west1-b-fhmc         0.58500           0.078553              5     rust  10000  knative
290 2025-02-09 10:30:37.414000+00:00  nodes-europe-west1-b-6p49         0.57800           0.083615              5     rust  10000  knative
291 2025-02-09 10:30:37.418000+00:00  nodes-europe-west1-b-fhmc         0.61125           0.077932              5     rust  10000  knative
297 2025-02-09 10:31:03.987000+00:00  nodes-europe-west1-b-6p49         0.57750           0.083505              5     rust  10000  knative
298 2025-02-09 10:31:03.989000+00:00  nodes-europe-west1-b-fhmc         0.57725           0.078202              5     rust  10000  knative
304 2025-02-09 10:31:31.188000+00:00  nodes-europe-west1-b-6p49         0.59575           0.084711              5     rust  10000  knative
305 2025-02-09 10:31:31.190000+00:00  nodes-europe-west1-b-fhmc         0.58400           0.079273              5     rust  10000  knative
311 2025-02-09 10:31:58.381000+00:00  nodes-europe-west1-b-6p49         0.61425           0.084371              5     rust  10000  knative
312 2025-02-09 10:31:58.384000+00:00  nodes-europe-west1-b-fhmc         0.57050           0.079458              5     rust  10000  knative
318 2025-02-09 10:32:25.582000+00:00  nodes-europe-west1-b-6p49         0.57325           0.082545              5     rust  10000  knative
319 2025-02-09 10:32:25.584000+00:00  nodes-europe-west1-b-fhmc         0.61950           0.079206              5     rust  10000  knative
325 2025-02-09 10:32:50.800000+00:00  nodes-europe-west1-b-6p49         0.61125           0.082546              5     rust  10000  knative
326 2025-02-09 10:32:50.802000+00:00  nodes-europe-west1-b-fhmc         0.56950           0.079305              5     rust  10000  knative
332 2025-02-09 10:33:16.739000+00:00  nodes-europe-west1-b-6p49         0.63100           0.082211              5     rust  10000  knative
333 2025-02-09 10:33:16.741000+00:00  nodes-europe-west1-b-fhmc         0.55275           0.078692              5     rust  10000  knative
339 2025-02-09 10:33:42.440000+00:00  nodes-europe-west1-b-6p49         0.60450           0.083781              5     rust  10000  knative
340 2025-02-09 10:33:42.443000+00:00  nodes-europe-west1-b-fhmc         0.57225           0.079504              5     rust  10000  knative
346 2025-02-09 10:34:07.961000+00:00  nodes-europe-west1-b-6p49         0.61600           0.077246              5     rust  10000  knative
347 2025-02-09 10:34:07.963000+00:00  nodes-europe-west1-b-fhmc         0.52775           0.078991              5     rust  10000  knative
353 2025-02-09 10:34:35.160000+00:00  nodes-europe-west1-b-6p49         0.55675           0.077313              5     rust  10000  knative
354 2025-02-09 10:34:35.162000+00:00  nodes-europe-west1-b-fhmc         0.56825           0.079367              5     rust  10000  knative
360 2025-02-09 10:35:02.200000+00:00  nodes-europe-west1-b-6p49         0.59075           0.076915              5     rust  10000  knative
361 2025-02-09 10:35:02.203000+00:00  nodes-europe-west1-b-fhmc         0.55375           0.079121              5     rust  10000  knative","0     0.04400
1     0.02775
2     0.19750
3     0.38450
4     0.22525
5     0.38600
6     0.52675
7     0.53725
8     0.60400
9     0.54975
10    0.59750
11    0.57150
12    0.62900
13    0.53100
14    0.61450
15    0.53175
16    0.65550
17    0.52975
18    0.72850
19    0.46400
20    0.65800
21    0.50800
22    0.57250
23    0.58500
24    0.57800
25    0.61125
26    0.57750
27    0.57725
28    0.59575
29    0.58400
30    0.61425
31    0.57050
32    0.57325
33    0.61950
34    0.61125
35    0.56950
36    0.63100
37    0.55275
38    0.60450
39    0.57225
40    0.61600
41    0.52775
42    0.55675
43    0.56825
44    0.59075
45    0.55375
Name: cpu_percentage, dtype: float64","0     0.068443
1     0.076684
2     0.072343
3     0.078368
4     0.072616
5     0.078462
6     0.076140
7     0.079196
8     0.075297
9     0.078391
10    0.075470
11    0.078116
12    0.075405
13    0.078236
14    0.075497
15    0.078119
16    0.079612
17    0.081791
18    0.079138
19    0.078747
20    0.078977
21    0.078573
22    0.083844
23    0.078553
24    0.083615
25    0.077932
26    0.083505
27    0.078202
28    0.084711
29    0.079273
30    0.084371
31    0.079458
32    0.082545
33    0.079206
34    0.082546
35    0.079305
36    0.082211
37    0.078692
38    0.083781
39    0.079504
40    0.077246
41    0.078991
42    0.077313
43    0.079367
44    0.076915
45    0.079121
Name: memory_percentage, dtype: float64","0    2025-02-09 10:25:21.892000+00:00
1    2025-02-09 10:25:21.894000+00:00
2    2025-02-09 10:25:48.289000+00:00
3    2025-02-09 10:25:48.291000+00:00
4    2025-02-09 10:26:16.289000+00:00
5    2025-02-09 10:26:16.291000+00:00
6    2025-02-09 10:26:43.239000+00:00
7    2025-02-09 10:26:43.241000+00:00
8    2025-02-09 10:27:09.208000+00:00
9    2025-02-09 10:27:09.212000+00:00
10   2025-02-09 10:27:34.115000+00:00
11   2025-02-09 10:27:34.118000+00:00
12   2025-02-09 10:28:00.060000+00:00
13   2025-02-09 10:28:00.062000+00:00
14   2025-02-09 10:28:26.864000+00:00
15   2025-02-09 10:28:26.867000+00:00
16   2025-02-09 10:28:51.748000+00:00
17   2025-02-09 10:28:51.751000+00:00
18   2025-02-09 10:29:18.119000+00:00
19   2025-02-09 10:29:18.121000+00:00
20   2025-02-09 10:29:43.874000+00:00
21   2025-02-09 10:29:43.877000+00:00
22   2025-02-09 10:30:09.814000+00:00
23   2025-02-09 10:30:09.817000+00:00
24   2025-02-09 10:30:37.414000+00:00
25   2025-02-09 10:30:37.418000+00:00
26   2025-02-09 10:31:03.987000+00:00
27   2025-02-09 10:31:03.989000+00:00
28   2025-02-09 10:31:31.188000+00:00
29   2025-02-09 10:31:31.190000+00:00
30   2025-02-09 10:31:58.381000+00:00
31   2025-02-09 10:31:58.384000+00:00
32   2025-02-09 10:32:25.582000+00:00
33   2025-02-09 10:32:25.584000+00:00
34   2025-02-09 10:32:50.800000+00:00
35   2025-02-09 10:32:50.802000+00:00
36   2025-02-09 10:33:16.739000+00:00
37   2025-02-09 10:33:16.741000+00:00
38   2025-02-09 10:33:42.440000+00:00
39   2025-02-09 10:33:42.443000+00:00
40   2025-02-09 10:34:07.961000+00:00
41   2025-02-09 10:34:07.963000+00:00
42   2025-02-09 10:34:35.160000+00:00
43   2025-02-09 10:34:35.162000+00:00
44   2025-02-09 10:35:02.200000+00:00
45   2025-02-09 10:35:02.203000+00:00
Name: timestamp, dtype: datetime64[ns, UTC]"
6,ts,"                           timestamp                  node_name  cpu_percentage  memory_percentage  experiment_id language    rps     type
416 2025-02-09 10:38:30.828000+00:00  nodes-europe-west1-b-6p49         0.08300           0.083682              6       ts  10000  knative
417 2025-02-09 10:38:30.830000+00:00  nodes-europe-west1-b-fhmc         0.03700           0.077684              6       ts  10000  knative
423 2025-02-09 10:39:00.837000+00:00  nodes-europe-west1-b-6p49         0.71925           0.188765              6       ts  10000  knative
424 2025-02-09 10:39:00.840000+00:00  nodes-europe-west1-b-fhmc         0.67375           0.153295              6       ts  10000  knative
430 2025-02-09 10:40:05.138000+00:00  nodes-europe-west1-b-6p49         0.56250           0.193179              6       ts  10000  knative
431 2025-02-09 10:40:05.141000+00:00  nodes-europe-west1-b-fhmc         0.53700           0.155198              6       ts  10000  knative
437 2025-02-09 10:40:25.300000+00:00  nodes-europe-west1-b-6p49         0.64100           0.222374              6       ts  10000  knative
438 2025-02-09 10:40:25.336000+00:00  nodes-europe-west1-b-fhmc         0.63950           0.178495              6       ts  10000  knative
444 2025-02-09 10:40:32.622000+00:00  nodes-europe-west1-b-6p49         0.64100           0.222374              6       ts  10000  knative
445 2025-02-09 10:40:32.624000+00:00  nodes-europe-west1-b-fhmc         0.63950           0.178495              6       ts  10000  knative
451 2025-02-09 10:41:23.645000+00:00  nodes-europe-west1-b-6p49         0.39775           0.139115              6       ts  10000  knative
452 2025-02-09 10:41:23.647000+00:00  nodes-europe-west1-b-fhmc         0.42800           0.188961              6       ts  10000  knative
458 2025-02-09 10:42:23.677000+00:00  nodes-europe-west1-b-6p49         0.68900           0.185545              6       ts  10000  knative
459 2025-02-09 10:42:23.680000+00:00  nodes-europe-west1-b-fhmc         0.60100           0.120497              6       ts  10000  knative
465 2025-02-09 10:42:36.784000+00:00  nodes-europe-west1-b-6p49         0.95400           0.112903              6       ts  10000  knative
466 2025-02-09 10:42:36.787000+00:00  nodes-europe-west1-b-fhmc         0.79475           0.157705              6       ts  10000  knative
472 2025-02-09 10:43:28.251000+00:00  nodes-europe-west1-b-6p49         0.76275           0.141463              6       ts  10000  knative
473 2025-02-09 10:43:28.253000+00:00  nodes-europe-west1-b-fhmc         0.69225           0.167921              6       ts  10000  knative
479 2025-02-09 10:44:29.526000+00:00  nodes-europe-west1-b-6p49         0.57800           0.136232              6       ts  10000  knative
480 2025-02-09 10:44:29.528000+00:00  nodes-europe-west1-b-fhmc         0.50300           0.129150              6       ts  10000  knative
486 2025-02-09 10:44:51.158000+00:00  nodes-europe-west1-b-6p49         0.39200           0.136270              6       ts  10000  knative
487 2025-02-09 10:44:51.160000+00:00  nodes-europe-west1-b-fhmc         0.37650           0.129262              6       ts  10000  knative
493 2025-02-09 10:45:05.532000+00:00  nodes-europe-west1-b-6p49         0.37800           0.136298              6       ts  10000  knative
494 2025-02-09 10:45:05.534000+00:00  nodes-europe-west1-b-fhmc         0.36275           0.129378              6       ts  10000  knative
500 2025-02-09 10:45:08.924000+00:00  nodes-europe-west1-b-6p49         0.37800           0.136298              6       ts  10000  knative
501 2025-02-09 10:45:08.926000+00:00  nodes-europe-west1-b-fhmc         0.36275           0.129378              6       ts  10000  knative
507 2025-02-09 10:45:11.920000+00:00  nodes-europe-west1-b-6p49         0.37800           0.136298              6       ts  10000  knative
508 2025-02-09 10:45:11.925000+00:00  nodes-europe-west1-b-fhmc         0.36275           0.129378              6       ts  10000  knative
514 2025-02-09 10:45:18.486000+00:00  nodes-europe-west1-b-6p49         0.37800           0.136298              6       ts  10000  knative
515 2025-02-09 10:45:18.489000+00:00  nodes-europe-west1-b-fhmc         0.36275           0.129378              6       ts  10000  knative
521 2025-02-09 10:45:26.261000+00:00  nodes-europe-west1-b-6p49         0.39225           0.135505              6       ts  10000  knative
522 2025-02-09 10:45:26.265000+00:00  nodes-europe-west1-b-fhmc         0.35975           0.128205              6       ts  10000  knative
528 2025-02-09 10:45:33.230000+00:00  nodes-europe-west1-b-6p49         0.58725           0.129057              6       ts  10000  knative
529 2025-02-09 10:45:33.234000+00:00  nodes-europe-west1-b-fhmc         0.45425           0.117775              6       ts  10000  knative
535 2025-02-09 10:46:02.137000+00:00  nodes-europe-west1-b-6p49         0.42875           0.128164              6       ts  10000  knative
536 2025-02-09 10:46:02.141000+00:00  nodes-europe-west1-b-fhmc         0.40950           0.117614              6       ts  10000  knative
542 2025-02-09 10:46:36.125000+00:00  nodes-europe-west1-b-6p49         0.30025           0.128193              6       ts  10000  knative
543 2025-02-09 10:46:36.127000+00:00  nodes-europe-west1-b-fhmc         0.37875           0.117767              6       ts  10000  knative
549 2025-02-09 10:47:10.635000+00:00  nodes-europe-west1-b-6p49         0.85875           0.197088              6       ts  10000  knative
550 2025-02-09 10:47:10.637000+00:00  nodes-europe-west1-b-fhmc         0.73900           0.178513              6       ts  10000  knative
556 2025-02-09 10:47:55.385000+00:00  nodes-europe-west1-b-6p49         0.38500           0.159630              6       ts  10000  knative
557 2025-02-09 10:47:55.388000+00:00  nodes-europe-west1-b-fhmc         0.40625           0.128262              6       ts  10000  knative","0     0.08300
1     0.03700
2     0.71925
3     0.67375
4     0.56250
5     0.53700
6     0.64100
7     0.63950
8     0.64100
9     0.63950
10    0.39775
11    0.42800
12    0.68900
13    0.60100
14    0.95400
15    0.79475
16    0.76275
17    0.69225
18    0.57800
19    0.50300
20    0.39200
21    0.37650
22    0.37800
23    0.36275
24    0.37800
25    0.36275
26    0.37800
27    0.36275
28    0.37800
29    0.36275
30    0.39225
31    0.35975
32    0.58725
33    0.45425
34    0.42875
35    0.40950
36    0.30025
37    0.37875
38    0.85875
39    0.73900
40    0.38500
41    0.40625
Name: cpu_percentage, dtype: float64","0     0.083682
1     0.077684
2     0.188765
3     0.153295
4     0.193179
5     0.155198
6     0.222374
7     0.178495
8     0.222374
9     0.178495
10    0.139115
11    0.188961
12    0.185545
13    0.120497
14    0.112903
15    0.157705
16    0.141463
17    0.167921
18    0.136232
19    0.129150
20    0.136270
21    0.129262
22    0.136298
23    0.129378
24    0.136298
25    0.129378
26    0.136298
27    0.129378
28    0.136298
29    0.129378
30    0.135505
31    0.128205
32    0.129057
33    0.117775
34    0.128164
35    0.117614
36    0.128193
37    0.117767
38    0.197088
39    0.178513
40    0.159630
41    0.128262
Name: memory_percentage, dtype: float64","0    2025-02-09 10:38:30.828000+00:00
1    2025-02-09 10:38:30.830000+00:00
2    2025-02-09 10:39:00.837000+00:00
3    2025-02-09 10:39:00.840000+00:00
4    2025-02-09 10:40:05.138000+00:00
5    2025-02-09 10:40:05.141000+00:00
6    2025-02-09 10:40:25.300000+00:00
7    2025-02-09 10:40:25.336000+00:00
8    2025-02-09 10:40:32.622000+00:00
9    2025-02-09 10:40:32.624000+00:00
10   2025-02-09 10:41:23.645000+00:00
11   2025-02-09 10:41:23.647000+00:00
12   2025-02-09 10:42:23.677000+00:00
13   2025-02-09 10:42:23.680000+00:00
14   2025-02-09 10:42:36.784000+00:00
15   2025-02-09 10:42:36.787000+00:00
16   2025-02-09 10:43:28.251000+00:00
17   2025-02-09 10:43:28.253000+00:00
18   2025-02-09 10:44:29.526000+00:00
19   2025-02-09 10:44:29.528000+00:00
20   2025-02-09 10:44:51.158000+00:00
21   2025-02-09 10:44:51.160000+00:00
22   2025-02-09 10:45:05.532000+00:00
23   2025-02-09 10:45:05.534000+00:00
24   2025-02-09 10:45:08.924000+00:00
25   2025-02-09 10:45:08.926000+00:00
26   2025-02-09 10:45:11.920000+00:00
27   2025-02-09 10:45:11.925000+00:00
28   2025-02-09 10:45:18.486000+00:00
29   2025-02-09 10:45:18.489000+00:00
30   2025-02-09 10:45:26.261000+00:00
31   2025-02-09 10:45:26.265000+00:00
32   2025-02-09 10:45:33.230000+00:00
33   2025-02-09 10:45:33.234000+00:00
34   2025-02-09 10:46:02.137000+00:00
35   2025-02-09 10:46:02.141000+00:00
36   2025-02-09 10:46:36.125000+00:00
37   2025-02-09 10:46:36.127000+00:00
38   2025-02-09 10:47:10.635000+00:00
39   2025-02-09 10:47:10.637000+00:00
40   2025-02-09 10:47:55.385000+00:00
41   2025-02-09 10:47:55.388000+00:00
Name: timestamp, dtype: datetime64[ns, UTC]"
7,go,"                            timestamp                  node_name  cpu_percentage  memory_percentage  experiment_id language    rps     type
808  2025-02-09 11:10:50.392000+00:00  nodes-europe-west1-b-6p49         0.01825           0.048990              7       go  16000  knative
809  2025-02-09 11:10:50.395000+00:00  nodes-europe-west1-b-fhmc         0.01325           0.053907              7       go  16000  knative
815  2025-02-09 11:11:09.215000+00:00  nodes-europe-west1-b-6p49         0.03575           0.049049              7       go  16000  knative
816  2025-02-09 11:11:09.218000+00:00  nodes-europe-west1-b-fhmc         0.17650           0.068542              7       go  16000  knative
822  2025-02-09 11:11:29.543000+00:00  nodes-europe-west1-b-6p49         0.05025           0.051297              7       go  16000  knative
...                               ...                        ...             ...                ...            ...      ...    ...      ...
1012 2025-02-09 11:19:38.624000+00:00  nodes-europe-west1-b-fhmc         0.95425           0.148138              7       go  16000  knative
1018 2025-02-09 11:19:43.606000+00:00  nodes-europe-west1-b-6p49         0.95825           0.153073              7       go  16000  knative
1019 2025-02-09 11:19:43.609000+00:00  nodes-europe-west1-b-fhmc         0.95425           0.148138              7       go  16000  knative
1025 2025-02-09 11:20:12.197000+00:00  nodes-europe-west1-b-6p49         1.00000           0.164638              7       go  16000  knative
1026 2025-02-09 11:20:12.200000+00:00  nodes-europe-west1-b-fhmc         0.82950           0.139098              7       go  16000  knative

[64 rows x 8 columns]","0     0.01825
1     0.01325
2     0.03575
3     0.17650
4     0.05025
       ...   
59    0.95425
60    0.95825
61    0.95425
62    1.00000
63    0.82950
Name: cpu_percentage, Length: 64, dtype: float64","0     0.048990
1     0.053907
2     0.049049
3     0.068542
4     0.051297
        ...   
59    0.148138
60    0.153073
61    0.148138
62    0.164638
63    0.139098
Name: memory_percentage, Length: 64, dtype: float64","0    2025-02-09 11:10:50.392000+00:00
1    2025-02-09 11:10:50.395000+00:00
2    2025-02-09 11:11:09.215000+00:00
3    2025-02-09 11:11:09.218000+00:00
4    2025-02-09 11:11:29.543000+00:00
                   ...               
59   2025-02-09 11:19:38.624000+00:00
60   2025-02-09 11:19:43.606000+00:00
61   2025-02-09 11:19:43.609000+00:00
62   2025-02-09 11:20:12.197000+00:00
63   2025-02-09 11:20:12.200000+00:00
Name: timestamp, Length: 64, dtype: datetime64[ns, UTC]"
8,go,"                            timestamp                  node_name  cpu_percentage  memory_percentage  experiment_id language    rps     type
1536 2025-02-09 11:53:16.631000+00:00  nodes-europe-west1-b-6p49         0.18100           0.074771              8       go  16000  knative
1537 2025-02-09 11:53:16.635000+00:00  nodes-europe-west1-b-fhmc         0.04300           0.047386              8       go  16000  knative
1543 2025-02-09 11:53:36.514000+00:00  nodes-europe-west1-b-6p49         0.22825           0.083016              8       go  16000  knative
1544 2025-02-09 11:53:36.517000+00:00  nodes-europe-west1-b-fhmc         0.01550           0.045988              8       go  16000  knative
1550 2025-02-09 11:53:58.007000+00:00  nodes-europe-west1-b-6p49         0.14225           0.085098              8       go  16000  knative
1551 2025-02-09 11:53:58.011000+00:00  nodes-europe-west1-b-fhmc         0.01625           0.044001              8       go  16000  knative
1557 2025-02-09 11:54:21.199000+00:00  nodes-europe-west1-b-6p49         0.40275           0.098110              8       go  16000  knative
1558 2025-02-09 11:54:21.202000+00:00  nodes-europe-west1-b-fhmc         0.45725           0.047172              8       go  16000  knative
1564 2025-02-09 11:54:43.900000+00:00  nodes-europe-west1-b-6p49         0.99975           0.100338              8       go  16000  knative
1565 2025-02-09 11:54:43.903000+00:00  nodes-europe-west1-b-fhmc         0.52425           0.057902              8       go  16000  knative
1571 2025-02-09 11:55:18.481000+00:00  nodes-europe-west1-b-6p49         0.58825           0.101123              8       go  16000  knative
1572 2025-02-09 11:55:18.484000+00:00  nodes-europe-west1-b-fhmc         0.59525           0.065847              8       go  16000  knative
1578 2025-02-09 11:55:59.567000+00:00  nodes-europe-west1-b-6p49         0.82825           0.141562              8       go  16000  knative
1579 2025-02-09 11:55:59.570000+00:00  nodes-europe-west1-b-fhmc         0.54325           0.077724              8       go  16000  knative
1585 2025-02-09 11:56:12.931000+00:00  nodes-europe-west1-b-6p49         1.00050           0.153346              8       go  16000  knative
1586 2025-02-09 11:56:12.934000+00:00  nodes-europe-west1-b-fhmc         0.80775           0.121000              8       go  16000  knative
1592 2025-02-09 11:56:49.491000+00:00  nodes-europe-west1-b-6p49         0.56300           0.154587              8       go  16000  knative
1593 2025-02-09 11:56:49.494000+00:00  nodes-europe-west1-b-fhmc         0.64425           0.121042              8       go  16000  knative
1599 2025-02-09 11:57:25.578000+00:00  nodes-europe-west1-b-6p49         0.65200           0.153304              8       go  16000  knative
1600 2025-02-09 11:57:25.581000+00:00  nodes-europe-west1-b-fhmc         0.55125           0.119368              8       go  16000  knative
1606 2025-02-09 11:57:50.758000+00:00  nodes-europe-west1-b-6p49         0.95525           0.169609              8       go  16000  knative
1607 2025-02-09 11:57:50.761000+00:00  nodes-europe-west1-b-fhmc         0.86375           0.165835              8       go  16000  knative
1613 2025-02-09 11:58:52.341000+00:00  nodes-europe-west1-b-6p49         1.00025           0.182453              8       go  16000  knative
1614 2025-02-09 11:58:52.344000+00:00  nodes-europe-west1-b-fhmc         0.87100           0.194178              8       go  16000  knative
1620 2025-02-09 11:59:02.504000+00:00  nodes-europe-west1-b-6p49         1.00000           0.186798              8       go  16000  knative
1621 2025-02-09 11:59:02.507000+00:00  nodes-europe-west1-b-fhmc         0.84625           0.192523              8       go  16000  knative
1627 2025-02-09 11:59:07.090000+00:00  nodes-europe-west1-b-6p49         0.94400           0.185383              8       go  16000  knative
1628 2025-02-09 11:59:07.093000+00:00  nodes-europe-west1-b-fhmc         0.71975           0.192523              8       go  16000  knative
1634 2025-02-09 11:59:12.475000+00:00  nodes-europe-west1-b-6p49         1.00000           0.186798              8       go  16000  knative
1635 2025-02-09 11:59:12.477000+00:00  nodes-europe-west1-b-fhmc         0.84625           0.192523              8       go  16000  knative
1641 2025-02-09 12:00:03.578000+00:00  nodes-europe-west1-b-6p49         0.85275           0.156814              8       go  16000  knative
1642 2025-02-09 12:00:03.580000+00:00  nodes-europe-west1-b-fhmc         0.70025           0.180639              8       go  16000  knative
1648 2025-02-09 12:00:18.418000+00:00  nodes-europe-west1-b-6p49         0.95450           0.161878              8       go  16000  knative
1649 2025-02-09 12:00:18.421000+00:00  nodes-europe-west1-b-fhmc         0.90200           0.178620              8       go  16000  knative
1655 2025-02-09 12:00:23.800000+00:00  nodes-europe-west1-b-6p49         0.90875           0.161878              8       go  16000  knative
1656 2025-02-09 12:00:23.803000+00:00  nodes-europe-west1-b-fhmc         0.75200           0.178735              8       go  16000  knative
1662 2025-02-09 12:01:13.102000+00:00  nodes-europe-west1-b-6p49         0.72275           0.158763              8       go  16000  knative
1663 2025-02-09 12:01:13.108000+00:00  nodes-europe-west1-b-fhmc         0.61100           0.179234              8       go  16000  knative
1669 2025-02-09 12:01:36.628000+00:00  nodes-europe-west1-b-6p49         0.99925           0.189614              8       go  16000  knative
1670 2025-02-09 12:01:36.630000+00:00  nodes-europe-west1-b-fhmc         0.89050           0.192366              8       go  16000  knative
1676 2025-02-09 12:01:42.013000+00:00  nodes-europe-west1-b-6p49         0.97300           0.189930              8       go  16000  knative
1677 2025-02-09 12:01:42.016000+00:00  nodes-europe-west1-b-fhmc         0.89275           0.192366              8       go  16000  knative
1683 2025-02-09 12:01:50.570000+00:00  nodes-europe-west1-b-6p49         0.90450           0.189926              8       go  16000  knative
1684 2025-02-09 12:01:50.573000+00:00  nodes-europe-west1-b-fhmc         0.62625           0.192394              8       go  16000  knative
1690 2025-02-09 12:02:48.929000+00:00  nodes-europe-west1-b-6p49         0.95925           0.202139              8       go  16000  knative
1691 2025-02-09 12:02:48.932000+00:00  nodes-europe-west1-b-fhmc         0.95150           0.200310              8       go  16000  knative
1697 2025-02-09 12:03:02.929000+00:00  nodes-europe-west1-b-6p49         1.00000           0.202139              8       go  16000  knative
1698 2025-02-09 12:03:02.932000+00:00  nodes-europe-west1-b-fhmc         0.92900           0.203320              8       go  16000  knative","0     0.18100
1     0.04300
2     0.22825
3     0.01550
4     0.14225
5     0.01625
6     0.40275
7     0.45725
8     0.99975
9     0.52425
10    0.58825
11    0.59525
12    0.82825
13    0.54325
14    1.00050
15    0.80775
16    0.56300
17    0.64425
18    0.65200
19    0.55125
20    0.95525
21    0.86375
22    1.00025
23    0.87100
24    1.00000
25    0.84625
26    0.94400
27    0.71975
28    1.00000
29    0.84625
30    0.85275
31    0.70025
32    0.95450
33    0.90200
34    0.90875
35    0.75200
36    0.72275
37    0.61100
38    0.99925
39    0.89050
40    0.97300
41    0.89275
42    0.90450
43    0.62625
44    0.95925
45    0.95150
46    1.00000
47    0.92900
Name: cpu_percentage, dtype: float64","0     0.074771
1     0.047386
2     0.083016
3     0.045988
4     0.085098
5     0.044001
6     0.098110
7     0.047172
8     0.100338
9     0.057902
10    0.101123
11    0.065847
12    0.141562
13    0.077724
14    0.153346
15    0.121000
16    0.154587
17    0.121042
18    0.153304
19    0.119368
20    0.169609
21    0.165835
22    0.182453
23    0.194178
24    0.186798
25    0.192523
26    0.185383
27    0.192523
28    0.186798
29    0.192523
30    0.156814
31    0.180639
32    0.161878
33    0.178620
34    0.161878
35    0.178735
36    0.158763
37    0.179234
38    0.189614
39    0.192366
40    0.189930
41    0.192366
42    0.189926
43    0.192394
44    0.202139
45    0.200310
46    0.202139
47    0.203320
Name: memory_percentage, dtype: float64","0    2025-02-09 11:53:16.631000+00:00
1    2025-02-09 11:53:16.635000+00:00
2    2025-02-09 11:53:36.514000+00:00
3    2025-02-09 11:53:36.517000+00:00
4    2025-02-09 11:53:58.007000+00:00
5    2025-02-09 11:53:58.011000+00:00
6    2025-02-09 11:54:21.199000+00:00
7    2025-02-09 11:54:21.202000+00:00
8    2025-02-09 11:54:43.900000+00:00
9    2025-02-09 11:54:43.903000+00:00
10   2025-02-09 11:55:18.481000+00:00
11   2025-02-09 11:55:18.484000+00:00
12   2025-02-09 11:55:59.567000+00:00
13   2025-02-09 11:55:59.570000+00:00
14   2025-02-09 11:56:12.931000+00:00
15   2025-02-09 11:56:12.934000+00:00
16   2025-02-09 11:56:49.491000+00:00
17   2025-02-09 11:56:49.494000+00:00
18   2025-02-09 11:57:25.578000+00:00
19   2025-02-09 11:57:25.581000+00:00
20   2025-02-09 11:57:50.758000+00:00
21   2025-02-09 11:57:50.761000+00:00
22   2025-02-09 11:58:52.341000+00:00
23   2025-02-09 11:58:52.344000+00:00
24   2025-02-09 11:59:02.504000+00:00
25   2025-02-09 11:59:02.507000+00:00
26   2025-02-09 11:59:07.090000+00:00
27   2025-02-09 11:59:07.093000+00:00
28   2025-02-09 11:59:12.475000+00:00
29   2025-02-09 11:59:12.477000+00:00
30   2025-02-09 12:00:03.578000+00:00
31   2025-02-09 12:00:03.580000+00:00
32   2025-02-09 12:00:18.418000+00:00
33   2025-02-09 12:00:18.421000+00:00
34   2025-02-09 12:00:23.800000+00:00
35   2025-02-09 12:00:23.803000+00:00
36   2025-02-09 12:01:13.102000+00:00
37   2025-02-09 12:01:13.108000+00:00
38   2025-02-09 12:01:36.628000+00:00
39   2025-02-09 12:01:36.630000+00:00
40   2025-02-09 12:01:42.013000+00:00
41   2025-02-09 12:01:42.016000+00:00
42   2025-02-09 12:01:50.570000+00:00
43   2025-02-09 12:01:50.573000+00:00
44   2025-02-09 12:02:48.929000+00:00
45   2025-02-09 12:02:48.932000+00:00
46   2025-02-09 12:03:02.929000+00:00
47   2025-02-09 12:03:02.932000+00:00
Name: timestamp, dtype: datetime64[ns, UTC]"
9,rust,"                            timestamp                  node_name  cpu_percentage  memory_percentage  experiment_id language    rps     type
1123 2025-02-09 11:23:51.882000+00:00  nodes-europe-west1-b-6p49         0.02850           0.121182              9     rust  16000  knative
1124 2025-02-09 11:23:51.885000+00:00  nodes-europe-west1-b-fhmc         0.01950           0.100485              9     rust  16000  knative
1130 2025-02-09 11:24:17.224000+00:00  nodes-europe-west1-b-6p49         0.54475           0.117969              9     rust  16000  knative
1131 2025-02-09 11:24:17.227000+00:00  nodes-europe-west1-b-fhmc         0.38725           0.103778              9     rust  16000  knative
1137 2025-02-09 11:24:45.140000+00:00  nodes-europe-west1-b-6p49         0.60800           0.108415              9     rust  16000  knative
1138 2025-02-09 11:24:45.143000+00:00  nodes-europe-west1-b-fhmc         0.59600           0.103553              9     rust  16000  knative
1144 2025-02-09 11:25:12.603000+00:00  nodes-europe-west1-b-6p49         0.70275           0.114290              9     rust  16000  knative
1145 2025-02-09 11:25:12.606000+00:00  nodes-europe-west1-b-fhmc         0.71125           0.147246              9     rust  16000  knative
1151 2025-02-09 11:25:40.105000+00:00  nodes-europe-west1-b-6p49         0.99700           0.179071              9     rust  16000  knative
1152 2025-02-09 11:25:40.108000+00:00  nodes-europe-west1-b-fhmc         0.86975           0.170869              9     rust  16000  knative
1158 2025-02-09 11:26:38.975000+00:00  nodes-europe-west1-b-6p49         0.80375           0.135385              9     rust  16000  knative
1159 2025-02-09 11:26:38.987000+00:00  nodes-europe-west1-b-fhmc         0.76650           0.202740              9     rust  16000  knative
1165 2025-02-09 11:26:45.110000+00:00  nodes-europe-west1-b-6p49         0.80375           0.135385              9     rust  16000  knative
1166 2025-02-09 11:26:45.113000+00:00  nodes-europe-west1-b-fhmc         0.76650           0.202740              9     rust  16000  knative
1172 2025-02-09 11:27:38.534000+00:00  nodes-europe-west1-b-6p49         0.76100           0.114678              9     rust  16000  knative
1173 2025-02-09 11:27:38.537000+00:00  nodes-europe-west1-b-fhmc         0.63125           0.151015              9     rust  16000  knative
1179 2025-02-09 11:28:35.172000+00:00  nodes-europe-west1-b-6p49         0.80900           0.109620              9     rust  16000  knative
1180 2025-02-09 11:28:35.175000+00:00  nodes-europe-west1-b-fhmc         0.99925           0.194326              9     rust  16000  knative
1186 2025-02-09 11:28:58.474000+00:00  nodes-europe-west1-b-6p49         0.99175           0.142349              9     rust  16000  knative
1187 2025-02-09 11:28:58.477000+00:00  nodes-europe-west1-b-fhmc         0.90500           0.108546              9     rust  16000  knative
1193 2025-02-09 11:29:50.428000+00:00  nodes-europe-west1-b-6p49         0.86025           0.145870              9     rust  16000  knative
1194 2025-02-09 11:29:50.431000+00:00  nodes-europe-west1-b-fhmc         0.78525           0.144938              9     rust  16000  knative
1200 2025-02-09 11:30:07.154000+00:00  nodes-europe-west1-b-6p49         0.95025           0.158048              9     rust  16000  knative
1201 2025-02-09 11:30:07.158000+00:00  nodes-europe-west1-b-fhmc         0.93950           0.176599              9     rust  16000  knative
1207 2025-02-09 11:31:27.199000+00:00  nodes-europe-west1-b-6p49         1.00000           0.271212              9     rust  16000  knative
1208 2025-02-09 11:31:27.202000+00:00  nodes-europe-west1-b-fhmc         0.89950           0.148580              9     rust  16000  knative
1214 2025-02-09 11:31:41.922000+00:00  nodes-europe-west1-b-6p49         0.80675           0.206454              9     rust  16000  knative
1215 2025-02-09 11:31:41.925000+00:00  nodes-europe-west1-b-fhmc         0.72275           0.252836              9     rust  16000  knative
1221 2025-02-09 11:32:15.421000+00:00  nodes-europe-west1-b-6p49         0.99625           0.177011              9     rust  16000  knative
1222 2025-02-09 11:32:15.424000+00:00  nodes-europe-west1-b-fhmc         0.95725           0.176147              9     rust  16000  knative
1228 2025-02-09 11:33:11.411000+00:00  nodes-europe-west1-b-6p49         0.87800           0.184842              9     rust  16000  knative
1229 2025-02-09 11:33:11.414000+00:00  nodes-europe-west1-b-fhmc         0.70600           0.177198              9     rust  16000  knative
1235 2025-02-09 11:33:32.648000+00:00  nodes-europe-west1-b-6p49         0.86825           0.181941              9     rust  16000  knative
1236 2025-02-09 11:33:32.669000+00:00  nodes-europe-west1-b-fhmc         0.74375           0.176500              9     rust  16000  knative
1242 2025-02-09 11:33:57.475000+00:00  nodes-europe-west1-b-6p49         0.81675           0.191492              9     rust  16000  knative
1243 2025-02-09 11:33:57.479000+00:00  nodes-europe-west1-b-fhmc         0.76375           0.193001              9     rust  16000  knative
1249 2025-02-09 11:34:05.652000+00:00  nodes-europe-west1-b-6p49         0.97775           0.226972              9     rust  16000  knative
1250 2025-02-09 11:34:05.655000+00:00  nodes-europe-west1-b-fhmc         0.93725           0.201603              9     rust  16000  knative","0     0.02850
1     0.01950
2     0.54475
3     0.38725
4     0.60800
5     0.59600
6     0.70275
7     0.71125
8     0.99700
9     0.86975
10    0.80375
11    0.76650
12    0.80375
13    0.76650
14    0.76100
15    0.63125
16    0.80900
17    0.99925
18    0.99175
19    0.90500
20    0.86025
21    0.78525
22    0.95025
23    0.93950
24    1.00000
25    0.89950
26    0.80675
27    0.72275
28    0.99625
29    0.95725
30    0.87800
31    0.70600
32    0.86825
33    0.74375
34    0.81675
35    0.76375
36    0.97775
37    0.93725
Name: cpu_percentage, dtype: float64","0     0.121182
1     0.100485
2     0.117969
3     0.103778
4     0.108415
5     0.103553
6     0.114290
7     0.147246
8     0.179071
9     0.170869
10    0.135385
11    0.202740
12    0.135385
13    0.202740
14    0.114678
15    0.151015
16    0.109620
17    0.194326
18    0.142349
19    0.108546
20    0.145870
21    0.144938
22    0.158048
23    0.176599
24    0.271212
25    0.148580
26    0.206454
27    0.252836
28    0.177011
29    0.176147
30    0.184842
31    0.177198
32    0.181941
33    0.176500
34    0.191492
35    0.193001
36    0.226972
37    0.201603
Name: memory_percentage, dtype: float64","0    2025-02-09 11:23:51.882000+00:00
1    2025-02-09 11:23:51.885000+00:00
2    2025-02-09 11:24:17.224000+00:00
3    2025-02-09 11:24:17.227000+00:00
4    2025-02-09 11:24:45.140000+00:00
5    2025-02-09 11:24:45.143000+00:00
6    2025-02-09 11:25:12.603000+00:00
7    2025-02-09 11:25:12.606000+00:00
8    2025-02-09 11:25:40.105000+00:00
9    2025-02-09 11:25:40.108000+00:00
10   2025-02-09 11:26:38.975000+00:00
11   2025-02-09 11:26:38.987000+00:00
12   2025-02-09 11:26:45.110000+00:00
13   2025-02-09 11:26:45.113000+00:00
14   2025-02-09 11:27:38.534000+00:00
15   2025-02-09 11:27:38.537000+00:00
16   2025-02-09 11:28:35.172000+00:00
17   2025-02-09 11:28:35.175000+00:00
18   2025-02-09 11:28:58.474000+00:00
19   2025-02-09 11:28:58.477000+00:00
20   2025-02-09 11:29:50.428000+00:00
21   2025-02-09 11:29:50.431000+00:00
22   2025-02-09 11:30:07.154000+00:00
23   2025-02-09 11:30:07.158000+00:00
24   2025-02-09 11:31:27.199000+00:00
25   2025-02-09 11:31:27.202000+00:00
26   2025-02-09 11:31:41.922000+00:00
27   2025-02-09 11:31:41.925000+00:00
28   2025-02-09 11:32:15.421000+00:00
29   2025-02-09 11:32:15.424000+00:00
30   2025-02-09 11:33:11.411000+00:00
31   2025-02-09 11:33:11.414000+00:00
32   2025-02-09 11:33:32.648000+00:00
33   2025-02-09 11:33:32.669000+00:00
34   2025-02-09 11:33:57.475000+00:00
35   2025-02-09 11:33:57.479000+00:00
36   2025-02-09 11:34:05.652000+00:00
37   2025-02-09 11:34:05.655000+00:00
Name: timestamp, dtype: datetime64[ns, UTC]"
10,rust,"                            timestamp                  node_name  cpu_percentage  memory_percentage  experiment_id language    rps     type
1746 2025-02-09 12:06:29.303000+00:00  nodes-europe-west1-b-6p49         0.19925           0.110444             10     rust  16000  knative
1747 2025-02-09 12:06:29.306000+00:00  nodes-europe-west1-b-fhmc         0.07750           0.108860             10     rust  16000  knative
1753 2025-02-09 12:07:00.940000+00:00  nodes-europe-west1-b-6p49         0.58125           0.109131             10     rust  16000  knative
1754 2025-02-09 12:07:00.943000+00:00  nodes-europe-west1-b-fhmc         0.66025           0.108640             10     rust  16000  knative
1760 2025-02-09 12:07:32.707000+00:00  nodes-europe-west1-b-6p49         0.97500           0.154196             10     rust  16000  knative
1761 2025-02-09 12:07:32.710000+00:00  nodes-europe-west1-b-fhmc         0.83475           0.145722             10     rust  16000  knative
1767 2025-02-09 12:08:04.044000+00:00  nodes-europe-west1-b-6p49         0.87625           0.166980             10     rust  16000  knative
1768 2025-02-09 12:08:04.047000+00:00  nodes-europe-west1-b-fhmc         0.77450           0.147135             10     rust  16000  knative
1774 2025-02-09 12:09:05.522000+00:00  nodes-europe-west1-b-6p49         1.00000           0.253759             10     rust  16000  knative
1775 2025-02-09 12:09:05.525000+00:00  nodes-europe-west1-b-fhmc         0.98275           0.232540             10     rust  16000  knative
1781 2025-02-09 12:09:25.254000+00:00  nodes-europe-west1-b-6p49         1.00000           0.253993             10     rust  16000  knative
1782 2025-02-09 12:09:25.257000+00:00  nodes-europe-west1-b-fhmc         0.77325           0.232904             10     rust  16000  knative
1788 2025-02-09 12:10:20.789000+00:00  nodes-europe-west1-b-6p49         0.95150           0.261311             10     rust  16000  knative
1789 2025-02-09 12:10:20.805000+00:00  nodes-europe-west1-b-fhmc         0.81100           0.241673             10     rust  16000  knative
1795 2025-02-09 12:10:33.319000+00:00  nodes-europe-west1-b-6p49         0.95750           0.260810             10     rust  16000  knative
1796 2025-02-09 12:10:33.323000+00:00  nodes-europe-west1-b-fhmc         0.83150           0.254582             10     rust  16000  knative
1802 2025-02-09 12:10:55.199000+00:00  nodes-europe-west1-b-6p49         0.74675           0.260480             10     rust  16000  knative
1803 2025-02-09 12:10:55.203000+00:00  nodes-europe-west1-b-fhmc         0.65775           0.254591             10     rust  16000  knative
1809 2025-02-09 12:11:48.591000+00:00  nodes-europe-west1-b-6p49         0.85275           0.223500             10     rust  16000  knative
1810 2025-02-09 12:11:48.595000+00:00  nodes-europe-west1-b-fhmc         0.79275           0.207427             10     rust  16000  knative
1816 2025-02-09 12:11:58.190000+00:00  nodes-europe-west1-b-6p49         0.95150           0.224762             10     rust  16000  knative
1817 2025-02-09 12:11:58.193000+00:00  nodes-europe-west1-b-fhmc         0.86825           0.208880             10     rust  16000  knative
1823 2025-02-09 12:12:14.575000+00:00  nodes-europe-west1-b-6p49         0.93100           0.226992             10     rust  16000  knative
1824 2025-02-09 12:12:14.577000+00:00  nodes-europe-west1-b-fhmc         0.81400           0.203578             10     rust  16000  knative
1830 2025-02-09 12:13:10.637000+00:00  nodes-europe-west1-b-6p49         0.84500           0.225442             10     rust  16000  knative
1831 2025-02-09 12:13:10.640000+00:00  nodes-europe-west1-b-fhmc         0.78675           0.217387             10     rust  16000  knative
1837 2025-02-09 12:13:19.866000+00:00  nodes-europe-west1-b-6p49         0.88750           0.225442             10     rust  16000  knative
1838 2025-02-09 12:13:19.868000+00:00  nodes-europe-west1-b-fhmc         0.93025           0.217387             10     rust  16000  knative
1844 2025-02-09 12:13:28.366000+00:00  nodes-europe-west1-b-6p49         0.96300           0.234798             10     rust  16000  knative
1845 2025-02-09 12:13:28.368000+00:00  nodes-europe-west1-b-fhmc         0.90250           0.220836             10     rust  16000  knative
1851 2025-02-09 12:13:34.461000+00:00  nodes-europe-west1-b-6p49         0.96300           0.234798             10     rust  16000  knative
1852 2025-02-09 12:13:34.464000+00:00  nodes-europe-west1-b-fhmc         0.90250           0.220836             10     rust  16000  knative
1858 2025-02-09 12:14:25.487000+00:00  nodes-europe-west1-b-6p49         0.89450           0.232359             10     rust  16000  knative
1859 2025-02-09 12:14:25.489000+00:00  nodes-europe-west1-b-fhmc         0.76325           0.223058             10     rust  16000  knative
1865 2025-02-09 12:15:28.621000+00:00  nodes-europe-west1-b-6p49         0.94450           0.245024             10     rust  16000  knative
1866 2025-02-09 12:15:28.624000+00:00  nodes-europe-west1-b-fhmc         0.95400           0.208843             10     rust  16000  knative
1872 2025-02-09 12:15:52.521000+00:00  nodes-europe-west1-b-6p49         0.81925           0.204706             10     rust  16000  knative
1873 2025-02-09 12:15:52.524000+00:00  nodes-europe-west1-b-fhmc         0.67650           0.209135             10     rust  16000  knative","0     0.19925
1     0.07750
2     0.58125
3     0.66025
4     0.97500
5     0.83475
6     0.87625
7     0.77450
8     1.00000
9     0.98275
10    1.00000
11    0.77325
12    0.95150
13    0.81100
14    0.95750
15    0.83150
16    0.74675
17    0.65775
18    0.85275
19    0.79275
20    0.95150
21    0.86825
22    0.93100
23    0.81400
24    0.84500
25    0.78675
26    0.88750
27    0.93025
28    0.96300
29    0.90250
30    0.96300
31    0.90250
32    0.89450
33    0.76325
34    0.94450
35    0.95400
36    0.81925
37    0.67650
Name: cpu_percentage, dtype: float64","0     0.110444
1     0.108860
2     0.109131
3     0.108640
4     0.154196
5     0.145722
6     0.166980
7     0.147135
8     0.253759
9     0.232540
10    0.253993
11    0.232904
12    0.261311
13    0.241673
14    0.260810
15    0.254582
16    0.260480
17    0.254591
18    0.223500
19    0.207427
20    0.224762
21    0.208880
22    0.226992
23    0.203578
24    0.225442
25    0.217387
26    0.225442
27    0.217387
28    0.234798
29    0.220836
30    0.234798
31    0.220836
32    0.232359
33    0.223058
34    0.245024
35    0.208843
36    0.204706
37    0.209135
Name: memory_percentage, dtype: float64","0    2025-02-09 12:06:29.303000+00:00
1    2025-02-09 12:06:29.306000+00:00
2    2025-02-09 12:07:00.940000+00:00
3    2025-02-09 12:07:00.943000+00:00
4    2025-02-09 12:07:32.707000+00:00
5    2025-02-09 12:07:32.710000+00:00
6    2025-02-09 12:08:04.044000+00:00
7    2025-02-09 12:08:04.047000+00:00
8    2025-02-09 12:09:05.522000+00:00
9    2025-02-09 12:09:05.525000+00:00
10   2025-02-09 12:09:25.254000+00:00
11   2025-02-09 12:09:25.257000+00:00
12   2025-02-09 12:10:20.789000+00:00
13   2025-02-09 12:10:20.805000+00:00
14   2025-02-09 12:10:33.319000+00:00
15   2025-02-09 12:10:33.323000+00:00
16   2025-02-09 12:10:55.199000+00:00
17   2025-02-09 12:10:55.203000+00:00
18   2025-02-09 12:11:48.591000+00:00
19   2025-02-09 12:11:48.595000+00:00
20   2025-02-09 12:11:58.190000+00:00
21   2025-02-09 12:11:58.193000+00:00
22   2025-02-09 12:12:14.575000+00:00
23   2025-02-09 12:12:14.577000+00:00
24   2025-02-09 12:13:10.637000+00:00
25   2025-02-09 12:13:10.640000+00:00
26   2025-02-09 12:13:19.866000+00:00
27   2025-02-09 12:13:19.868000+00:00
28   2025-02-09 12:13:28.366000+00:00
29   2025-02-09 12:13:28.368000+00:00
30   2025-02-09 12:13:34.461000+00:00
31   2025-02-09 12:13:34.464000+00:00
32   2025-02-09 12:14:25.487000+00:00
33   2025-02-09 12:14:25.489000+00:00
34   2025-02-09 12:15:28.621000+00:00
35   2025-02-09 12:15:28.624000+00:00
36   2025-02-09 12:15:52.521000+00:00
37   2025-02-09 12:15:52.524000+00:00
Name: timestamp, dtype: datetime64[ns, UTC]"
11,ts,"                            timestamp                  node_name  cpu_percentage  memory_percentage  experiment_id language    rps     type
1291 2025-02-09 11:37:10.274000+00:00  nodes-europe-west1-b-6p49         0.18075           0.167173             11       ts  16000  knative
1292 2025-02-09 11:37:10.277000+00:00  nodes-europe-west1-b-fhmc         0.15600           0.156849             11       ts  16000  knative
1298 2025-02-09 11:37:35.788000+00:00  nodes-europe-west1-b-6p49         0.50400           0.141222             11       ts  16000  knative
1299 2025-02-09 11:37:35.790000+00:00  nodes-europe-west1-b-fhmc         0.68350           0.156783             11       ts  16000  knative
1305 2025-02-09 11:38:01.979000+00:00  nodes-europe-west1-b-6p49         0.53425           0.129938             11       ts  16000  knative
1306 2025-02-09 11:38:01.982000+00:00  nodes-europe-west1-b-fhmc         0.61375           0.155100             11       ts  16000  knative
1312 2025-02-09 11:38:28.669000+00:00  nodes-europe-west1-b-6p49         0.96025           0.209465             11       ts  16000  knative
1313 2025-02-09 11:38:28.671000+00:00  nodes-europe-west1-b-fhmc         0.87150           0.153404             11       ts  16000  knative
1319 2025-02-09 11:38:59.763000+00:00  nodes-europe-west1-b-6p49         0.99950           0.213784             11       ts  16000  knative
1320 2025-02-09 11:38:59.765000+00:00  nodes-europe-west1-b-fhmc         0.89150           0.204151             11       ts  16000  knative
1326 2025-02-09 11:40:01.423000+00:00  nodes-europe-west1-b-6p49         0.89775           0.237249             11       ts  16000  knative
1327 2025-02-09 11:40:01.426000+00:00  nodes-europe-west1-b-fhmc         0.72650           0.211185             11       ts  16000  knative
1333 2025-02-09 11:41:02.004000+00:00  nodes-europe-west1-b-6p49         0.99950           0.165226             11       ts  16000  knative
1334 2025-02-09 11:41:02.007000+00:00  nodes-europe-west1-b-fhmc         1.00000           0.240883             11       ts  16000  knative
1340 2025-02-09 11:41:35.550000+00:00  nodes-europe-west1-b-6p49         0.83675           0.167129             11       ts  16000  knative
1341 2025-02-09 11:41:35.587000+00:00  nodes-europe-west1-b-fhmc         0.66375           0.208242             11       ts  16000  knative
1347 2025-02-09 11:42:35.300000+00:00  nodes-europe-west1-b-6p49         0.91325           0.214512             11       ts  16000  knative
1348 2025-02-09 11:42:35.303000+00:00  nodes-europe-west1-b-fhmc         0.77675           0.243199             11       ts  16000  knative
1354 2025-02-09 11:42:57.132000+00:00  nodes-europe-west1-b-6p49         0.99925           0.209967             11       ts  16000  knative
1355 2025-02-09 11:42:57.136000+00:00  nodes-europe-west1-b-fhmc         0.96025           0.202161             11       ts  16000  knative
1361 2025-02-09 11:43:49.717000+00:00  nodes-europe-west1-b-6p49         0.95475           0.211611             11       ts  16000  knative
1362 2025-02-09 11:43:49.720000+00:00  nodes-europe-west1-b-fhmc         0.85475           0.204341             11       ts  16000  knative
1368 2025-02-09 11:44:09.117000+00:00  nodes-europe-west1-b-6p49         0.94500           0.223526             11       ts  16000  knative
1369 2025-02-09 11:44:09.119000+00:00  nodes-europe-west1-b-fhmc         0.96825           0.171379             11       ts  16000  knative
1375 2025-02-09 11:44:24.225000+00:00  nodes-europe-west1-b-6p49         1.00025           0.233377             11       ts  16000  knative
1376 2025-02-09 11:44:24.227000+00:00  nodes-europe-west1-b-fhmc         0.94425           0.177677             11       ts  16000  knative
1382 2025-02-09 11:44:46.499000+00:00  nodes-europe-west1-b-6p49         0.83275           0.235012             11       ts  16000  knative
1383 2025-02-09 11:44:46.502000+00:00  nodes-europe-west1-b-fhmc         0.68650           0.175045             11       ts  16000  knative
1389 2025-02-09 11:45:44.510000+00:00  nodes-europe-west1-b-6p49         0.91725           0.234946             11       ts  16000  knative
1390 2025-02-09 11:45:44.512000+00:00  nodes-europe-west1-b-fhmc         0.80000           0.179679             11       ts  16000  knative
1396 2025-02-09 11:45:55.068000+00:00  nodes-europe-west1-b-6p49         0.85725           0.235132             11       ts  16000  knative
1397 2025-02-09 11:45:55.071000+00:00  nodes-europe-west1-b-fhmc         0.72775           0.180624             11       ts  16000  knative
1403 2025-02-09 11:46:10.011000+00:00  nodes-europe-west1-b-6p49         0.84450           0.233844             11       ts  16000  knative
1404 2025-02-09 11:46:10.014000+00:00  nodes-europe-west1-b-fhmc         0.69750           0.180310             11       ts  16000  knative
1410 2025-02-09 11:46:29.590000+00:00  nodes-europe-west1-b-6p49         0.95350           0.230145             11       ts  16000  knative
1411 2025-02-09 11:46:29.592000+00:00  nodes-europe-west1-b-fhmc         0.78125           0.177669             11       ts  16000  knative
1417 2025-02-09 11:46:40.793000+00:00  nodes-europe-west1-b-6p49         0.86625           0.209927             11       ts  16000  knative
1418 2025-02-09 11:46:40.796000+00:00  nodes-europe-west1-b-fhmc         0.78250           0.178381             11       ts  16000  knative
1424 2025-02-09 11:46:59.866000+00:00  nodes-europe-west1-b-6p49         0.95475           0.201266             11       ts  16000  knative
1425 2025-02-09 11:46:59.868000+00:00  nodes-europe-west1-b-fhmc         0.83500           0.169273             11       ts  16000  knative","0     0.18075
1     0.15600
2     0.50400
3     0.68350
4     0.53425
5     0.61375
6     0.96025
7     0.87150
8     0.99950
9     0.89150
10    0.89775
11    0.72650
12    0.99950
13    1.00000
14    0.83675
15    0.66375
16    0.91325
17    0.77675
18    0.99925
19    0.96025
20    0.95475
21    0.85475
22    0.94500
23    0.96825
24    1.00025
25    0.94425
26    0.83275
27    0.68650
28    0.91725
29    0.80000
30    0.85725
31    0.72775
32    0.84450
33    0.69750
34    0.95350
35    0.78125
36    0.86625
37    0.78250
38    0.95475
39    0.83500
Name: cpu_percentage, dtype: float64","0     0.167173
1     0.156849
2     0.141222
3     0.156783
4     0.129938
5     0.155100
6     0.209465
7     0.153404
8     0.213784
9     0.204151
10    0.237249
11    0.211185
12    0.165226
13    0.240883
14    0.167129
15    0.208242
16    0.214512
17    0.243199
18    0.209967
19    0.202161
20    0.211611
21    0.204341
22    0.223526
23    0.171379
24    0.233377
25    0.177677
26    0.235012
27    0.175045
28    0.234946
29    0.179679
30    0.235132
31    0.180624
32    0.233844
33    0.180310
34    0.230145
35    0.177669
36    0.209927
37    0.178381
38    0.201266
39    0.169273
Name: memory_percentage, dtype: float64","0    2025-02-09 11:37:10.274000+00:00
1    2025-02-09 11:37:10.277000+00:00
2    2025-02-09 11:37:35.788000+00:00
3    2025-02-09 11:37:35.790000+00:00
4    2025-02-09 11:38:01.979000+00:00
5    2025-02-09 11:38:01.982000+00:00
6    2025-02-09 11:38:28.669000+00:00
7    2025-02-09 11:38:28.671000+00:00
8    2025-02-09 11:38:59.763000+00:00
9    2025-02-09 11:38:59.765000+00:00
10   2025-02-09 11:40:01.423000+00:00
11   2025-02-09 11:40:01.426000+00:00
12   2025-02-09 11:41:02.004000+00:00
13   2025-02-09 11:41:02.007000+00:00
14   2025-02-09 11:41:35.550000+00:00
15   2025-02-09 11:41:35.587000+00:00
16   2025-02-09 11:42:35.300000+00:00
17   2025-02-09 11:42:35.303000+00:00
18   2025-02-09 11:42:57.132000+00:00
19   2025-02-09 11:42:57.136000+00:00
20   2025-02-09 11:43:49.717000+00:00
21   2025-02-09 11:43:49.720000+00:00
22   2025-02-09 11:44:09.117000+00:00
23   2025-02-09 11:44:09.119000+00:00
24   2025-02-09 11:44:24.225000+00:00
25   2025-02-09 11:44:24.227000+00:00
26   2025-02-09 11:44:46.499000+00:00
27   2025-02-09 11:44:46.502000+00:00
28   2025-02-09 11:45:44.510000+00:00
29   2025-02-09 11:45:44.512000+00:00
30   2025-02-09 11:45:55.068000+00:00
31   2025-02-09 11:45:55.071000+00:00
32   2025-02-09 11:46:10.011000+00:00
33   2025-02-09 11:46:10.014000+00:00
34   2025-02-09 11:46:29.590000+00:00
35   2025-02-09 11:46:29.592000+00:00
36   2025-02-09 11:46:40.793000+00:00
37   2025-02-09 11:46:40.796000+00:00
38   2025-02-09 11:46:59.866000+00:00
39   2025-02-09 11:46:59.868000+00:00
Name: timestamp, dtype: datetime64[ns, UTC]"
12,ts,"                            timestamp                  node_name  cpu_percentage  memory_percentage  experiment_id language    rps     type
1949 2025-02-09 12:19:28.284000+00:00  nodes-europe-west1-b-6p49         0.03500           0.127324             12       ts  16000  knative
1950 2025-02-09 12:19:28.287000+00:00  nodes-europe-west1-b-fhmc         0.02325           0.108484             12       ts  16000  knative
1956 2025-02-09 12:19:52.312000+00:00  nodes-europe-west1-b-6p49         0.55100           0.123764             12       ts  16000  knative
1957 2025-02-09 12:19:52.314000+00:00  nodes-europe-west1-b-fhmc         0.60875           0.109596             12       ts  16000  knative
1963 2025-02-09 12:20:19.408000+00:00  nodes-europe-west1-b-6p49         0.54025           0.123813             12       ts  16000  knative
1964 2025-02-09 12:20:19.411000+00:00  nodes-europe-west1-b-fhmc         0.62350           0.109701             12       ts  16000  knative
1970 2025-02-09 12:20:46.505000+00:00  nodes-europe-west1-b-6p49         0.97475           0.177079             12       ts  16000  knative
1971 2025-02-09 12:20:46.509000+00:00  nodes-europe-west1-b-fhmc         0.85675           0.156941             12       ts  16000  knative
1977 2025-02-09 12:21:04.419000+00:00  nodes-europe-west1-b-6p49         1.00000           0.243763             12       ts  16000  knative
1978 2025-02-09 12:21:04.423000+00:00  nodes-europe-west1-b-fhmc         0.96825           0.225715             12       ts  16000  knative
1984 2025-02-09 12:22:04.420000+00:00  nodes-europe-west1-b-6p49         0.78875           0.236979             12       ts  16000  knative
1985 2025-02-09 12:22:04.422000+00:00  nodes-europe-west1-b-fhmc         0.71025           0.230120             12       ts  16000  knative
1991 2025-02-09 12:23:06.012000+00:00  nodes-europe-west1-b-6p49         0.87025           0.269585             12       ts  16000  knative
1992 2025-02-09 12:23:06.015000+00:00  nodes-europe-west1-b-fhmc         0.73175           0.211637             12       ts  16000  knative
1998 2025-02-09 12:24:09.115000+00:00  nodes-europe-west1-b-6p49         0.90100           0.271863             12       ts  16000  knative
1999 2025-02-09 12:24:09.118000+00:00  nodes-europe-west1-b-fhmc         0.76150           0.210029             12       ts  16000  knative
2005 2025-02-09 12:24:25.597000+00:00  nodes-europe-west1-b-6p49         0.81650           0.271582             12       ts  16000  knative
2006 2025-02-09 12:24:25.600000+00:00  nodes-europe-west1-b-fhmc         0.68150           0.210124             12       ts  16000  knative
2012 2025-02-09 12:24:39.322000+00:00  nodes-europe-west1-b-6p49         0.86200           0.272800             12       ts  16000  knative
2013 2025-02-09 12:24:39.324000+00:00  nodes-europe-west1-b-fhmc         0.73750           0.199915             12       ts  16000  knative
2019 2025-02-09 12:24:47.065000+00:00  nodes-europe-west1-b-6p49         0.86200           0.272800             12       ts  16000  knative
2020 2025-02-09 12:24:47.068000+00:00  nodes-europe-west1-b-fhmc         0.73750           0.199915             12       ts  16000  knative
2026 2025-02-09 12:24:56.666000+00:00  nodes-europe-west1-b-6p49         0.94150           0.240452             12       ts  16000  knative
2027 2025-02-09 12:24:56.669000+00:00  nodes-europe-west1-b-fhmc         0.89575           0.197193             12       ts  16000  knative
2033 2025-02-09 12:25:00.471000+00:00  nodes-europe-west1-b-6p49         0.86850           0.200235             12       ts  16000  knative
2034 2025-02-09 12:25:00.473000+00:00  nodes-europe-west1-b-fhmc         0.73225           0.191224             12       ts  16000  knative
2040 2025-02-09 12:25:45.922000+00:00  nodes-europe-west1-b-6p49         0.90450           0.203854             12       ts  16000  knative
2041 2025-02-09 12:25:45.925000+00:00  nodes-europe-west1-b-fhmc         0.72450           0.194446             12       ts  16000  knative
2047 2025-02-09 12:26:13.102000+00:00  nodes-europe-west1-b-6p49         0.93200           0.210538             12       ts  16000  knative
2048 2025-02-09 12:26:13.104000+00:00  nodes-europe-west1-b-fhmc         0.86650           0.203199             12       ts  16000  knative
2054 2025-02-09 12:26:25.101000+00:00  nodes-europe-west1-b-6p49         0.99675           0.214024             12       ts  16000  knative
2055 2025-02-09 12:26:25.105000+00:00  nodes-europe-west1-b-fhmc         0.99100           0.208534             12       ts  16000  knative
2061 2025-02-09 12:27:14.118000+00:00  nodes-europe-west1-b-6p49         0.98000           0.244103             12       ts  16000  knative
2062 2025-02-09 12:27:14.120000+00:00  nodes-europe-west1-b-fhmc         0.93800           0.245277             12       ts  16000  knative
2068 2025-02-09 12:28:15.807000+00:00  nodes-europe-west1-b-6p49         0.86975           0.243458             12       ts  16000  knative
2069 2025-02-09 12:28:15.810000+00:00  nodes-europe-west1-b-fhmc         0.76950           0.237205             12       ts  16000  knative
2075 2025-02-09 12:28:31.204000+00:00  nodes-europe-west1-b-6p49         1.00000           0.254394             12       ts  16000  knative
2076 2025-02-09 12:28:31.208000+00:00  nodes-europe-west1-b-fhmc         0.99400           0.232168             12       ts  16000  knative
2082 2025-02-09 12:28:45.201000+00:00  nodes-europe-west1-b-6p49         1.00000           0.254394             12       ts  16000  knative
2083 2025-02-09 12:28:45.204000+00:00  nodes-europe-west1-b-fhmc         0.99400           0.232168             12       ts  16000  knative
2089 2025-02-09 12:29:08.982000+00:00  nodes-europe-west1-b-6p49         0.81850           0.291589             12       ts  16000  knative
2090 2025-02-09 12:29:08.991000+00:00  nodes-europe-west1-b-fhmc         0.63650           0.270005             12       ts  16000  knative","0     0.03500
1     0.02325
2     0.55100
3     0.60875
4     0.54025
5     0.62350
6     0.97475
7     0.85675
8     1.00000
9     0.96825
10    0.78875
11    0.71025
12    0.87025
13    0.73175
14    0.90100
15    0.76150
16    0.81650
17    0.68150
18    0.86200
19    0.73750
20    0.86200
21    0.73750
22    0.94150
23    0.89575
24    0.86850
25    0.73225
26    0.90450
27    0.72450
28    0.93200
29    0.86650
30    0.99675
31    0.99100
32    0.98000
33    0.93800
34    0.86975
35    0.76950
36    1.00000
37    0.99400
38    1.00000
39    0.99400
40    0.81850
41    0.63650
Name: cpu_percentage, dtype: float64","0     0.127324
1     0.108484
2     0.123764
3     0.109596
4     0.123813
5     0.109701
6     0.177079
7     0.156941
8     0.243763
9     0.225715
10    0.236979
11    0.230120
12    0.269585
13    0.211637
14    0.271863
15    0.210029
16    0.271582
17    0.210124
18    0.272800
19    0.199915
20    0.272800
21    0.199915
22    0.240452
23    0.197193
24    0.200235
25    0.191224
26    0.203854
27    0.194446
28    0.210538
29    0.203199
30    0.214024
31    0.208534
32    0.244103
33    0.245277
34    0.243458
35    0.237205
36    0.254394
37    0.232168
38    0.254394
39    0.232168
40    0.291589
41    0.270005
Name: memory_percentage, dtype: float64","0    2025-02-09 12:19:28.284000+00:00
1    2025-02-09 12:19:28.287000+00:00
2    2025-02-09 12:19:52.312000+00:00
3    2025-02-09 12:19:52.314000+00:00
4    2025-02-09 12:20:19.408000+00:00
5    2025-02-09 12:20:19.411000+00:00
6    2025-02-09 12:20:46.505000+00:00
7    2025-02-09 12:20:46.509000+00:00
8    2025-02-09 12:21:04.419000+00:00
9    2025-02-09 12:21:04.423000+00:00
10   2025-02-09 12:22:04.420000+00:00
11   2025-02-09 12:22:04.422000+00:00
12   2025-02-09 12:23:06.012000+00:00
13   2025-02-09 12:23:06.015000+00:00
14   2025-02-09 12:24:09.115000+00:00
15   2025-02-09 12:24:09.118000+00:00
16   2025-02-09 12:24:25.597000+00:00
17   2025-02-09 12:24:25.600000+00:00
18   2025-02-09 12:24:39.322000+00:00
19   2025-02-09 12:24:39.324000+00:00
20   2025-02-09 12:24:47.065000+00:00
21   2025-02-09 12:24:47.068000+00:00
22   2025-02-09 12:24:56.666000+00:00
23   2025-02-09 12:24:56.669000+00:00
24   2025-02-09 12:25:00.471000+00:00
25   2025-02-09 12:25:00.473000+00:00
26   2025-02-09 12:25:45.922000+00:00
27   2025-02-09 12:25:45.925000+00:00
28   2025-02-09 12:26:13.102000+00:00
29   2025-02-09 12:26:13.104000+00:00
30   2025-02-09 12:26:25.101000+00:00
31   2025-02-09 12:26:25.105000+00:00
32   2025-02-09 12:27:14.118000+00:00
33   2025-02-09 12:27:14.120000+00:00
34   2025-02-09 12:28:15.807000+00:00
35   2025-02-09 12:28:15.810000+00:00
36   2025-02-09 12:28:31.204000+00:00
37   2025-02-09 12:28:31.208000+00:00
38   2025-02-09 12:28:45.201000+00:00
39   2025-02-09 12:28:45.204000+00:00
40   2025-02-09 12:29:08.982000+00:00
41   2025-02-09 12:29:08.991000+00:00
Name: timestamp, dtype: datetime64[ns, UTC]"
